/*
SQLyog Ultimate v12.08 (64 bit)
MySQL - 5.7.18-log : Database - online_education
*********************************************************************
*/

/*!40101 SET NAMES utf8 */;

/*!40101 SET SQL_MODE=''*/;

/*!40014 SET @OLD_UNIQUE_CHECKS=@@UNIQUE_CHECKS, UNIQUE_CHECKS=0 */;
/*!40014 SET @OLD_FOREIGN_KEY_CHECKS=@@FOREIGN_KEY_CHECKS, FOREIGN_KEY_CHECKS=0 */;
/*!40101 SET @OLD_SQL_MODE=@@SQL_MODE, SQL_MODE='NO_AUTO_VALUE_ON_ZERO' */;
/*!40111 SET @OLD_SQL_NOTES=@@SQL_NOTES, SQL_NOTES=0 */;
CREATE DATABASE /*!32312 IF NOT EXISTS*/`online_education` /*!40100 DEFAULT CHARACTER SET utf8 COLLATE utf8_unicode_ci */;

USE `online_education`;

/*Table structure for table `auth_group` */

DROP TABLE IF EXISTS `auth_group`;

CREATE TABLE `auth_group` (
  `id` int(11) NOT NULL AUTO_INCREMENT,
  `name` varchar(80) COLLATE utf8_unicode_ci NOT NULL,
  PRIMARY KEY (`id`),
  UNIQUE KEY `name` (`name`)
) ENGINE=InnoDB DEFAULT CHARSET=utf8 COLLATE=utf8_unicode_ci;

/*Data for the table `auth_group` */

/*Table structure for table `auth_group_permissions` */

DROP TABLE IF EXISTS `auth_group_permissions`;

CREATE TABLE `auth_group_permissions` (
  `id` int(11) NOT NULL AUTO_INCREMENT,
  `group_id` int(11) NOT NULL,
  `permission_id` int(11) NOT NULL,
  PRIMARY KEY (`id`),
  UNIQUE KEY `auth_group_permissions_group_id_permission_id_0cd325b0_uniq` (`group_id`,`permission_id`),
  KEY `auth_group_permissio_permission_id_84c5c92e_fk_auth_perm` (`permission_id`),
  CONSTRAINT `auth_group_permissio_permission_id_84c5c92e_fk_auth_perm` FOREIGN KEY (`permission_id`) REFERENCES `auth_permission` (`id`),
  CONSTRAINT `auth_group_permissions_group_id_b120cbf9_fk_auth_group_id` FOREIGN KEY (`group_id`) REFERENCES `auth_group` (`id`)
) ENGINE=InnoDB DEFAULT CHARSET=utf8 COLLATE=utf8_unicode_ci;

/*Data for the table `auth_group_permissions` */

/*Table structure for table `auth_permission` */

DROP TABLE IF EXISTS `auth_permission`;

CREATE TABLE `auth_permission` (
  `id` int(11) NOT NULL AUTO_INCREMENT,
  `name` varchar(255) COLLATE utf8_unicode_ci NOT NULL,
  `content_type_id` int(11) NOT NULL,
  `codename` varchar(100) COLLATE utf8_unicode_ci NOT NULL,
  PRIMARY KEY (`id`),
  UNIQUE KEY `auth_permission_content_type_id_codename_01ab375a_uniq` (`content_type_id`,`codename`),
  CONSTRAINT `auth_permission_content_type_id_2f476e4b_fk_django_co` FOREIGN KEY (`content_type_id`) REFERENCES `django_content_type` (`id`)
) ENGINE=InnoDB AUTO_INCREMENT=19 DEFAULT CHARSET=utf8 COLLATE=utf8_unicode_ci;

/*Data for the table `auth_permission` */

insert  into `auth_permission`(`id`,`name`,`content_type_id`,`codename`) values (1,'Can add log entry',1,'add_logentry'),(2,'Can change log entry',1,'change_logentry'),(3,'Can delete log entry',1,'delete_logentry'),(4,'Can add permission',2,'add_permission'),(5,'Can change permission',2,'change_permission'),(6,'Can delete permission',2,'delete_permission'),(7,'Can add group',3,'add_group'),(8,'Can change group',3,'change_group'),(9,'Can delete group',3,'delete_group'),(10,'Can add content type',4,'add_contenttype'),(11,'Can change content type',4,'change_contenttype'),(12,'Can delete content type',4,'delete_contenttype'),(13,'Can add session',5,'add_session'),(14,'Can change session',5,'change_session'),(15,'Can delete session',5,'delete_session'),(16,'Can add 用户信息',6,'add_userprofile'),(17,'Can change 用户信息',6,'change_userprofile'),(18,'Can delete 用户信息',6,'delete_userprofile');

/*Table structure for table `django_admin_log` */

DROP TABLE IF EXISTS `django_admin_log`;

CREATE TABLE `django_admin_log` (
  `id` int(11) NOT NULL AUTO_INCREMENT,
  `action_time` datetime(6) NOT NULL,
  `object_id` longtext COLLATE utf8_unicode_ci,
  `object_repr` varchar(200) COLLATE utf8_unicode_ci NOT NULL,
  `action_flag` smallint(5) unsigned NOT NULL,
  `change_message` longtext COLLATE utf8_unicode_ci NOT NULL,
  `content_type_id` int(11) DEFAULT NULL,
  `user_id` int(11) NOT NULL,
  PRIMARY KEY (`id`),
  KEY `django_admin_log_content_type_id_c4bce8eb_fk_django_co` (`content_type_id`),
  KEY `django_admin_log_user_id_c564eba6_fk_users_userprofile_id` (`user_id`),
  CONSTRAINT `django_admin_log_content_type_id_c4bce8eb_fk_django_co` FOREIGN KEY (`content_type_id`) REFERENCES `django_content_type` (`id`),
  CONSTRAINT `django_admin_log_user_id_c564eba6_fk_users_userprofile_id` FOREIGN KEY (`user_id`) REFERENCES `users_userprofile` (`id`)
) ENGINE=InnoDB DEFAULT CHARSET=utf8 COLLATE=utf8_unicode_ci;

/*Data for the table `django_admin_log` */

/*Table structure for table `django_content_type` */

DROP TABLE IF EXISTS `django_content_type`;

CREATE TABLE `django_content_type` (
  `id` int(11) NOT NULL AUTO_INCREMENT,
  `app_label` varchar(100) COLLATE utf8_unicode_ci NOT NULL,
  `model` varchar(100) COLLATE utf8_unicode_ci NOT NULL,
  PRIMARY KEY (`id`),
  UNIQUE KEY `django_content_type_app_label_model_76bd3d3b_uniq` (`app_label`,`model`)
) ENGINE=InnoDB AUTO_INCREMENT=7 DEFAULT CHARSET=utf8 COLLATE=utf8_unicode_ci;

/*Data for the table `django_content_type` */

insert  into `django_content_type`(`id`,`app_label`,`model`) values (1,'admin','logentry'),(3,'auth','group'),(2,'auth','permission'),(4,'contenttypes','contenttype'),(5,'sessions','session'),(6,'users','userprofile');

/*Table structure for table `django_migrations` */

DROP TABLE IF EXISTS `django_migrations`;

CREATE TABLE `django_migrations` (
  `id` int(11) NOT NULL AUTO_INCREMENT,
  `app` varchar(255) COLLATE utf8_unicode_ci NOT NULL,
  `name` varchar(255) COLLATE utf8_unicode_ci NOT NULL,
  `applied` datetime(6) NOT NULL,
  PRIMARY KEY (`id`)
) ENGINE=InnoDB AUTO_INCREMENT=16 DEFAULT CHARSET=utf8 COLLATE=utf8_unicode_ci;

/*Data for the table `django_migrations` */

insert  into `django_migrations`(`id`,`app`,`name`,`applied`) values (1,'contenttypes','0001_initial','2018-02-16 08:25:30.364120'),(2,'contenttypes','0002_remove_content_type_name','2018-02-16 08:25:30.480428'),(3,'auth','0001_initial','2018-02-16 08:25:30.814819'),(4,'auth','0002_alter_permission_name_max_length','2018-02-16 08:25:30.875982'),(5,'auth','0003_alter_user_email_max_length','2018-02-16 08:25:30.884503'),(6,'auth','0004_alter_user_username_opts','2018-02-16 08:25:30.892525'),(7,'auth','0005_alter_user_last_login_null','2018-02-16 08:25:30.900548'),(8,'auth','0006_require_contenttypes_0002','2018-02-16 08:25:30.904558'),(9,'auth','0007_alter_validators_add_error_messages','2018-02-16 08:25:30.912578'),(10,'auth','0008_alter_user_username_max_length','2018-02-16 08:25:30.921604'),(11,'auth','0009_alter_user_last_name_max_length','2018-02-16 08:25:30.929624'),(12,'users','0001_initial','2018-02-16 08:25:31.338188'),(13,'admin','0001_initial','2018-02-16 08:25:31.532204'),(14,'admin','0002_logentry_remove_auto_add','2018-02-16 08:25:31.543233'),(15,'sessions','0001_initial','2018-02-16 08:25:31.599382');

/*Table structure for table `django_session` */

DROP TABLE IF EXISTS `django_session`;

CREATE TABLE `django_session` (
  `session_key` varchar(40) COLLATE utf8_unicode_ci NOT NULL,
  `session_data` longtext COLLATE utf8_unicode_ci NOT NULL,
  `expire_date` datetime(6) NOT NULL,
  PRIMARY KEY (`session_key`),
  KEY `django_session_expire_date_a5c62663` (`expire_date`)
) ENGINE=InnoDB DEFAULT CHARSET=utf8 COLLATE=utf8_unicode_ci;

/*Data for the table `django_session` */

/*Table structure for table `users_userprofile` */

DROP TABLE IF EXISTS `users_userprofile`;

CREATE TABLE `users_userprofile` (
  `id` int(11) NOT NULL AUTO_INCREMENT,
  `password` varchar(128) COLLATE utf8_unicode_ci NOT NULL,
  `last_login` datetime(6) DEFAULT NULL,
  `is_superuser` tinyint(1) NOT NULL,
  `username` varchar(150) COLLATE utf8_unicode_ci NOT NULL,
  `first_name` varchar(30) COLLATE utf8_unicode_ci NOT NULL,
  `last_name` varchar(150) COLLATE utf8_unicode_ci NOT NULL,
  `email` varchar(254) COLLATE utf8_unicode_ci NOT NULL,
  `is_staff` tinyint(1) NOT NULL,
  `is_active` tinyint(1) NOT NULL,
  `date_joined` datetime(6) NOT NULL,
  `nickname` varchar(50) COLLATE utf8_unicode_ci NOT NULL,
  `birthday` date DEFAULT NULL,
  `gender` varchar(5) COLLATE utf8_unicode_ci NOT NULL,
  `address` varchar(100) COLLATE utf8_unicode_ci NOT NULL,
  `mobile` varchar(11) COLLATE utf8_unicode_ci DEFAULT NULL,
  `image` varchar(100) COLLATE utf8_unicode_ci NOT NULL,
  PRIMARY KEY (`id`),
  UNIQUE KEY `username` (`username`)
) ENGINE=InnoDB DEFAULT CHARSET=utf8 COLLATE=utf8_unicode_ci;

/*Data for the table `users_userprofile` */

/*Table structure for table `users_userprofile_groups` */

DROP TABLE IF EXISTS `users_userprofile_groups`;

CREATE TABLE `users_userprofile_groups` (
  `id` int(11) NOT NULL AUTO_INCREMENT,
  `userprofile_id` int(11) NOT NULL,
  `group_id` int(11) NOT NULL,
  PRIMARY KEY (`id`),
  UNIQUE KEY `users_userprofile_groups_userprofile_id_group_id_823cf2fc_uniq` (`userprofile_id`,`group_id`),
  KEY `users_userprofile_groups_group_id_3de53dbf_fk_auth_group_id` (`group_id`),
  CONSTRAINT `users_userprofile_gr_userprofile_id_a4496a80_fk_users_use` FOREIGN KEY (`userprofile_id`) REFERENCES `users_userprofile` (`id`),
  CONSTRAINT `users_userprofile_groups_group_id_3de53dbf_fk_auth_group_id` FOREIGN KEY (`group_id`) REFERENCES `auth_group` (`id`)
) ENGINE=InnoDB DEFAULT CHARSET=utf8 COLLATE=utf8_unicode_ci;

/*Data for the table `users_userprofile_groups` */

/*Table structure for table `users_userprofile_user_permissions` */

DROP TABLE IF EXISTS `users_userprofile_user_permissions`;

CREATE TABLE `users_userprofile_user_permissions` (
  `id` int(11) NOT NULL AUTO_INCREMENT,
  `userprofile_id` int(11) NOT NULL,
  `permission_id` int(11) NOT NULL,
  PRIMARY KEY (`id`),
  UNIQUE KEY `users_userprofile_user_p_userprofile_id_permissio_d0215190_uniq` (`userprofile_id`,`permission_id`),
  KEY `users_userprofile_us_permission_id_393136b6_fk_auth_perm` (`permission_id`),
  CONSTRAINT `users_userprofile_us_permission_id_393136b6_fk_auth_perm` FOREIGN KEY (`permission_id`) REFERENCES `auth_permission` (`id`),
  CONSTRAINT `users_userprofile_us_userprofile_id_34544737_fk_users_use` FOREIGN KEY (`userprofile_id`) REFERENCES `users_userprofile` (`id`)
) ENGINE=InnoDB DEFAULT CHARSET=utf8 COLLATE=utf8_unicode_ci;

/*Data for the table `users_userprofile_user_permissions` */

/*!40101 SET SQL_MODE=@OLD_SQL_MODE */;
/*!40014 SET FOREIGN_KEY_CHECKS=@OLD_FOREIGN_KEY_CHECKS */;
/*!40014 SET UNIQUE_CHECKS=@OLD_UNIQUE_CHECKS */;
/*!40111 SET SQL_NOTES=@OLD_SQL_NOTES */;
